{
    "camera": {
        "numShots": 4,
        "position": [
            [
                4.051,
                1.856,
                -5.477
            ],
            [
                2.3952,
                1.5063,
                -5.59841
            ],
            [
                2.93304,
                2.95142,
                -7.18174
            ],
            [
                0.74331,
                2.81747,
                -8.17816
            ]
        ],
        "angle": [
            [
                235.40601,
                -19.0
            ],
            [
                206.43723,
                -27.49999
            ],
            [
                295.87476,
                -61.50001
            ],
            [
                48.65602,
                -46.00003
            ]
        ],
        "ISO": 1600,
        "size": 0.057,
        "apertureSize": 0.0025,
        "apertureDistance": 0.049,
        "lensRadius": 0.01,
        "lensFocalLength": 0.03,
        "lensThickness": 0.0,
        "lensDistance": 0.05
    },
    "sphere": [
        {
            "position": [
                0.0,
                1.0,
                0.0
            ],
            "radius": 1.0,
            "materialID": 1,
            "lightID": 0
        },
        {
            "position": [
                5.0,
                1.0,
                -1.0
            ],
            "radius": 1.0,
            "materialID": 2,
            "lightID": 0
        },
        {
            "position": [
                0.0,
                4.0,
                -3.0
            ],
            "radius": 1.0,
            "materialID": 2,
            "lightID": 1
        }
    ],
    "plane": [
        {
            "position": [
                0.0,
                0.0,
                0.0
            ],
            "materialID": 1,
            "lightID": 0
        }
    ],
    "box": [
        {
            "position": [
                3.0,
                0.75,
                1.0
            ],
            "rotation": [
                0.0,
                58.31,
                0.0
            ],
            "size": [
                1.5,
                1.5,
                1.5
            ],
            "materialID": 1,
            "lightID": 0
        }
    ],
    "lens": [
        {
            "position": [
                5.0,
                1.2,
                -4.0
            ],
            "rotation": [
                0.0,
                0.0,
                0.0
            ],
            "radius": 1.2,
            "focalLength": 1.0,
            "thickness": 0.0,
            "isConverging": true,
            "materialID": 1,
            "lightID": 0
        }
    ],
    "cyclide": [
        {
            "position": [
                -2.0,
                1.05,
                -3.0
            ],
            "rotation": [
                0.0,
                0.0,
                0.0
            ],
            "scale": [
                0.25,
                0.25,
                0.25
            ],
            "a": 3.36,
            "b": -3.17,
            "c": -1.06,
            "d": -1.5,
            "boundingRadius": 6.0,
            "materialID": 3,
            "lightID": 0
        }
    ],
    "sdf": [
        {
            "position": [
                2.0,
                1.0,
                -7.0
            ],
            "boundingSize": [
                2.0,
                2.0,
                2.0
            ],
            "glsl": "// Mandelbulb 3D\r\n// http://blog.hvidtfeldts.net/index.php/2011/09/distance-estimated-3d-fractals-v-the-mandelbulb-different-de-approximations/\r\nfloat sdf(in vec3 p)\r\n{\r\n    vec3 z = p;\r\n    float r = length(z);\r\n    float dr = 1.0;\r\n\r\n    for (int i = 0; i < 4; i++) {\r\n        // Differentiate f_n(c) w.r.t c\r\n        // Scalar Derivative\r\n        dr = 8.0 * pow(r, 7.0) * dr + 1.0;\r\n\r\n        float invr = 1.0 / r;\r\n        float invl = inversesqrt(dot(vec2(z.x, z.z), vec2(z.x, z.z)));\r\n        r *= r;\r\n        r *= r;\r\n        r *= r;\r\n\r\n        // f_n(c) = f_n-1(c)^8 + c\r\n        // Using Chebyshev Polynomials\r\n        // Faster Than Inverse Trigonometric Functions\r\n        float cost = z.z * invl;\r\n        float cosp = z.y * invr;\r\n        float sint = z.x * invl;\r\n        float sinp = invr / invl;\r\n        float cost2 = cost * cost;\r\n        float cosp2 = cosp * cosp;\r\n        float cost8 = fma(fma(fma(fma(128.0, cost2, -256.0), cost2, 160.0), cost2, -32.0), cost2, 1.0);\r\n        float cosp8 = fma(fma(fma(fma(128.0, cosp2, -256.0), cosp2, 160.0), cosp2, -32.0), cosp2, 1.0);\r\n        float sint8 = fma(fma(fma(128.0, cost2, -192.0), cost2, 80.0), cost2, -8.0) * sint * cost;\r\n        float sinp8 = fma(fma(fma(128.0, cosp2, -192.0), cosp2, 80.0), cosp2, -8.0) * sinp * cosp;\r\n        z = r * vec3(sint8 * sinp8, cosp8, cost8 * sinp8);\r\n        z += p;\r\n\r\n        // f_n(c) = f_n-1(c)^8 + c\r\n        // Using Inverse Trigonometric Functions\r\n        // For Some Reason acos Is Much Faster Than atan For Me\r\n        //float theta = 8.0 * acos(z.z * invl);\r\n        //float phi = 8.0 * acos(z.y * invr);\r\n        //z = r * vec3(sin(theta) * sin(phi), cos(phi), cos(theta) * sin(phi)) + p;\r\n        r = length(z);\r\n\r\n        // This Is Placed At Bottom Otherwise We Waste The Last Iteration Calculation\r\n        if (r > 16.0) {\r\n            break;\r\n        }\r\n    }\r\n\r\n    // DE Approximation\r\n    return 0.5 * log(r) * r / dr;\r\n}\r\n\r\nfloat sdfmaterial(in vec3 p)\r\n{\r\n    float factor = dot(p, p);\r\n    return mix(3.0, 2.0, factor / (0.8 + factor));\r\n}\r\n"
        }
    ],
    "material": [
        {
            "reflection": {
                "peakWavelength": 550.0,
                "sigma": 100.0,
                "isInvert": false
            }
        },
        {
            "reflection": {
                "peakWavelength": 470.0,
                "sigma": 6.0,
                "isInvert": false
            }
        },
        {
            "reflection": {
                "peakWavelength": 501.0,
                "sigma": 7.5,
                "isInvert": false
            }
        },
        {
            "reflection": {
                "peakWavelength": 716.0,
                "sigma": 5.5,
                "isInvert": false
            }
        }
    ],
    "light": [
        {
            "emission": {
                "temperature": 5500.0,
                "luminosity": 12.5
            }
        }
    ]
}